Id,Time,Printer,Name
4186,8/16/2019 12:22:10 PM,"HP Designjet Z3200 Photo 44"": HPZ3200_B",000956E_GMGgloss250_Excelsior_Laminated_Profile4
4188,8/16/2019 1:23:58 PM,"HP Designjet Z3200 Photo 44"": HPZ3200_B",000956E_GMGgloss250_Excelsior_Laminated_Profile4
4190,8/16/2019 1:53:46 PM,"HP Designjet Z3200 Photo 44"": HPZ3200_B",002601E_F_SFP_R_GWP_ITPEpcFT_219
4190,8/16/2019 1:57:05 PM,"HP Designjet Z3200 Photo 44"": HPZ3200_B",002601E_F_SFP_R_GWP_ITPEpcFT_219
4192,8/16/2019 2:39:08 PM,"HP Designjet Z3200 Photo 44"": HPZ3200_B",000956E_GMGgloss250_Excelsior_Laminated_Profile4
4197,8/16/2019 2:54:00 PM,"HP Designjet Z3200 Photo 44"": HPZ3200_B",000956E_GMGgloss250_Excelsior_Laminated_Profile4
4201,8/16/2019 3:07:38 PM,"HP Designjet Z3200 Photo 44"": HPZ3200_B",000956E_GMGgloss250_Excelsior_Laminated_Profile4
4203,8/17/2019 7:28:58 AM,"HP Designjet Z3200 Photo 44"": HPZ3200_B",000956E_GMGgloss250_Excelsior_Laminated_Profile4
4205,8/17/2019 7:53:43 AM,"HP Designjet Z3200 Photo 44"": HPZ3200_B",000956E_GMGgloss250_Excelsior_Laminated_Profile4
4209,8/17/2019 8:08:48 AM,"HP Designjet Z3200 Photo 44"": HPZ3200_B",000956E_GMGgloss250_Excelsior_Laminated_Profile4
4211,8/17/2019 8:31:02 AM,"HP Designjet Z3200 Photo 44"": HPZ3200_B",000956E_GMGgloss250_Excelsior_Laminated_Profile4
4215,8/17/2019 8:46:19 AM,"HP Designjet Z3200 Photo 44"": HPZ3200_B",000956E_GMGgloss250_Excelsior_Laminated_Profile4
4218,8/17/2019 9:14:46 AM,"HP Designjet Z3200 Photo 44"": HPZ3200_B",000956E_GMGgloss250_Excelsior_Laminated_Profile4
4221,8/17/2019 9:35:25 AM,"HP Designjet Z3200 Photo 44"": HPZ3200_B",000956E_GMGgloss250_Excelsior_Laminated_Profile4
4223,8/19/2019 3:09:54 AM,Epson Stylus Pro 9900: Epson_A,custom printer calibration
4225,8/19/2019 3:15:20 AM,Epson Stylus Pro 9900: Epson_A,custom printer calibration
4227,8/19/2019 3:34:29 AM,Epson Stylus Pro 9900: Epson_A,custom printer calibration
4229,8/19/2019 3:39:33 AM,Epson Stylus Pro 9900: Epson_A,custom printer calibration
4229,8/19/2019 3:39:39 AM,Epson Stylus Pro 9900: Epson_A,custom printer calibration
4229,8/19/2019 3:39:40 AM,Epson Stylus Pro 9900: Epson_A,custom printer calibration
4231,8/19/2019 4:13:48 AM,"HP Designjet Z3200 Photo 44"": HPZ3200_B",custom printer calibration
4233,8/19/2019 4:25:14 AM,"HP Designjet Z3200 Photo 44"": HPZ3200_B",custom printer calibration
4237,8/19/2019 4:46:59 AM,"HP Designjet Z3200 Photo 44"": HP Designjet Z3200 Photo 24""",custom printer calibration
4239,8/19/2019 4:58:23 AM,"HP Designjet Z3200 Photo 44"": HP Designjet Z3200 Photo 24""",custom printer calibration
4235,8/19/2019 5:02:19 AM,"HP Designjet Z3200 Photo 44"": HPZ3200_B",custom printer calibration
4241,8/19/2019 5:35:07 AM,"HP Designjet Z3200 Photo 44"": HP Designjet Z3200 Photo 24""",custom printer calibration
4245,8/19/2019 5:42:49 AM,Epson Stylus Pro 9900: Epson_A,custom printer calibration
4247,8/19/2019 5:48:12 AM,Epson Stylus Pro 9900: Epson_A,custom printer calibration
4249,8/19/2019 6:09:44 AM,Epson Stylus Pro 9900: Epson_A,custom printer calibration
4243,8/19/2019 6:11:58 AM,"HP Designjet Z3200 Photo 44"": HP Designjet Z3200 Photo 24""",custom printer calibration
4251,8/19/2019 6:29:18 AM,Epson Stylus Pro 9900: Epson_A,custom printer calibration
4253,8/19/2019 6:48:50 AM,"HP Designjet Z3200 Photo 44"": HP Designjet Z3200 Photo 24""",custom printer calibration
4255,8/19/2019 7:26:09 AM,"HP Designjet Z3200 Photo 44"": HP Designjet Z3200 Photo 24""",custom printer calibration
4266,8/19/2019 7:53:39 AM,"HP Designjet Z3200 Photo 44"": HP Designjet Z3200 Photo 24""",CP5_GRACoL2006_Coated1v2_NoSim
4263,8/19/2019 8:03:52 AM,"HP Designjet Z3200 Photo 44"": HP Designjet Z3200 Photo 24""",custom printer calibration
4268,8/19/2019 9:33:06 AM,"HP Designjet Z3200 Photo 44"": HP Designjet Z3200 Photo 24""",000601E_HPZ_191313 Excelsior ReverseClr NoWht 1200
4271,8/19/2019 10:00:40 AM,"HP Designjet Z3200 Photo 44"": HPZ3200_B",CP5_AFS_2017_PETv1
4273,8/19/2019 10:16:22 AM,"HP Designjet Z3200 Photo 44"": HP Designjet Z3200 Photo 24""",CP5_CCL_Flx_SurPlyFlm_150
4276,8/19/2019 1:51:10 PM,"HP Designjet Z3200 Photo 44"": HPZ3200_B",CP5_AFS_2017_PETv1
4279,8/19/2019 2:15:45 PM,"HP Designjet Z3200 Photo 44"": HPZ3200_B",CP5_AFS_2017_PETv1
4281,8/19/2019 3:35:44 PM,"HP Designjet Z3200 Photo 44"": HP Designjet Z3200 Photo 24""",002603E_F_SFP_R_PETlamMET_ITPEpcFT_219
4284,8/19/2019 4:05:19 PM,"HP Designjet Z3200 Photo 44"": HPZ3200_B",CP5_AFS_LB50KProY
4286,8/19/2019 4:33:17 PM,"HP Designjet Z3200 Photo 44"": HP Designjet Z3200 Photo 24""",001576E_Winpak_MTL_100108_FNVarn_B
4290,8/19/2019 5:42:35 PM,"HP Designjet Z3200 Photo 44"": HP Designjet Z3200 Photo 24""",CP5n_PPK_Presct_ClrPlyWht_Lam_1_31_18_DGC
4292,8/19/2019 5:58:46 PM,"HP Designjet Z3200 Photo 44"": HP Designjet Z3200 Photo 24""",CP5n_PPK_Presct_ClrPlyWht_Lam_1_31_18_DGC
4293,8/20/2019 3:07:21 AM,Epson Stylus Pro 9900: Epson_A,custom printer calibration
4295,8/20/2019 3:12:44 AM,Epson Stylus Pro 9900: Epson_A,custom printer calibration
4297,8/20/2019 3:32:10 AM,Epson Stylus Pro 9900: Epson_A,custom printer calibration
4299,8/20/2019 3:33:49 AM,Epson Stylus Pro 9900: Epson_A,custom printer calibration
4301,8/20/2019 4:13:12 AM,"HP Designjet Z3200 Photo 44"": HPZ3200_B",custom printer calibration
4303,8/20/2019 4:23:58 AM,"HP Designjet Z3200 Photo 44"": HPZ3200_B",custom printer calibration
4307,8/20/2019 4:46:59 AM,"HP Designjet Z3200 Photo 44"": HP Designjet Z3200 Photo 24""",custom printer calibration
4309,8/20/2019 4:59:03 AM,"HP Designjet Z3200 Photo 44"": HP Designjet Z3200 Photo 24""",custom printer calibration
4305,8/20/2019 5:00:38 AM,"HP Designjet Z3200 Photo 44"": HPZ3200_B",custom printer calibration
4311,8/20/2019 5:35:47 AM,"HP Designjet Z3200 Photo 44"": HP Designjet Z3200 Photo 24""",custom printer calibration
4299,8/20/2019 5:53:56 AM,Epson Stylus Pro 9900: Epson_A,custom printer calibration
4313,8/20/2019 6:14:36 AM,Epson Stylus Pro 9900: Epson_A,custom printer calibration
4315,8/20/2019 6:34:09 AM,Epson Stylus Pro 9900: Epson_A,custom printer calibration
4318,8/20/2019 9:35:53 AM,"HP Designjet Z3200 Photo 44"": HPZ3200_B",CP5_Ball_7x_WC_V_FEB2018_Rev_4_5_18
4320,8/20/2019 10:16:15 AM,"HP Designjet Z3200 Photo 44"": HP Designjet Z3200 Photo 24""",CP_EG_HD30_DPR_shrink_york_P14_518_avg_lin
4324,8/20/2019 12:15:18 PM,"HP Designjet Z3200 Photo 44"": HP Designjet Z3200 Photo 24""",CP_EG_HD30_DPR_shrink_york_P14_518_avg_lin
4326,8/20/2019 1:01:24 PM,"HP Designjet Z3200 Photo 44"": HP Designjet Z3200 Photo 24""",CP_EG_HD30_DPR_shrink_york_P14_518_avg_lin
4328,8/20/2019 1:25:22 PM,"HP Designjet Z3200 Photo 44"": HP Designjet Z3200 Photo 24""",CP_EG_HD30_DPR_shrink_york_P14_518_avg_lin
4332,8/20/2019 2:17:03 PM,"HP Designjet Z3200 Photo 44"": HP Designjet Z3200 Photo 24""",CP_EG_HD30_DPR_shrink_york_P14_518_avg_lin
4334,8/20/2019 4:35:13 PM,"HP Designjet Z3200 Photo 44"": HP Designjet Z3200 Photo 24""",000987E_CCL Label_Sioux Falls SD
4335,8/21/2019 3:07:13 AM,Epson Stylus Pro 9900: Epson_A,custom printer calibration
4337,8/21/2019 3:12:36 AM,Epson Stylus Pro 9900: Epson_A,custom printer calibration
4339,8/21/2019 3:32:02 AM,Epson Stylus Pro 9900: Epson_A,custom printer calibration
4341,8/21/2019 3:33:42 AM,Epson Stylus Pro 9900: Epson_A,custom printer calibration
4343,8/21/2019 4:13:11 AM,"HP Designjet Z3200 Photo 44"": HPZ3200_B",custom printer calibration
4345,8/21/2019 4:23:59 AM,"HP Designjet Z3200 Photo 44"": HPZ3200_B",custom printer calibration
4349,8/21/2019 4:47:18 AM,"HP Designjet Z3200 Photo 44"": HP Designjet Z3200 Photo 24""",custom printer calibration
4351,8/21/2019 4:58:04 AM,"HP Designjet Z3200 Photo 44"": HP Designjet Z3200 Photo 24""",custom printer calibration
4347,8/21/2019 5:00:39 AM,"HP Designjet Z3200 Photo 44"": HPZ3200_B",custom printer calibration
4353,8/21/2019 5:35:35 AM,"HP Designjet Z3200 Photo 44"": HP Designjet Z3200 Photo 24""",custom printer calibration
4355,8/21/2019 6:12:52 AM,"HP Designjet Z3200 Photo 44"": HP Designjet Z3200 Photo 24""",custom printer calibration
4341,8/21/2019 6:15:03 AM,Epson Stylus Pro 9900: Epson_A,custom printer calibration
4360,8/21/2019 6:15:32 AM,"HP Designjet Z3200 Photo 44"": HP Designjet Z3200 Photo 24""",CP5_GRACoL2006_Coated1v2_NoSim
4361,8/21/2019 6:23:54 AM,Epson Stylus Pro 9900: Epson_A,custom printer calibration
4363,8/21/2019 6:29:16 AM,Epson Stylus Pro 9900: Epson_A,custom printer calibration
4365,8/21/2019 6:48:43 AM,Epson Stylus Pro 9900: Epson_A,custom printer calibration
4357,8/21/2019 6:49:47 AM,"HP Designjet Z3200 Photo 44"": HP Designjet Z3200 Photo 24""",custom printer calibration
4368,8/21/2019 7:46:58 AM,"HP Designjet Z3200 Photo 44"": HP Designjet Z3200 Photo 24""",CP5_CCL_Flx_SurPlyFlm_150
4374,8/21/2019 9:37:41 AM,"HP Designjet Z3200 Photo 44"": HPZ3200_B",000956E_GMGgloss250_Excelsior_Laminated_Profile4
4386,8/21/2019 10:15:00 AM,"HP Designjet Z3200 Photo 44"": HP Designjet Z3200 Photo 24""",CP5_g99_Bem_Leb_IPwWt_NoLam_0613
4388,8/21/2019 10:43:25 AM,"HP Designjet Z3200 Photo 44"": HP Designjet Z3200 Photo 24""",CP5_g99_Bem_Leb_IPwWt_NoLam_0613
4384,8/21/2019 10:43:29 AM,"HP Designjet Z3200 Photo 44"": HP Designjet Z3200 Photo 24""",CP5_g99_Bem_Leb_IPwWt_NoLam_0613
4396,8/21/2019 11:29:03 AM,"HP Designjet Z3200 Photo 44"": HP Designjet Z3200 Photo 24""",CP5_g99_Bem_Leb_IPwWt_NoLam_0613
4400,8/21/2019 12:01:53 PM,"HP Designjet Z3200 Photo 44"": HPZ3200_B",000956E_GMGgloss250_Excelsior_Laminated_Profile4
4405,8/21/2019 12:59:43 PM,"HP Designjet Z3200 Photo 44"": HPZ3200_B",000956E_GMGgloss250_Excelsior_Laminated_Profile4
4411,8/21/2019 2:00:38 PM,"HP Designjet Z3200 Photo 44"": HP Designjet Z3200 Photo 24""",CP5_GRACoL2006_Coated1v2
4413,8/21/2019 2:15:58 PM,"HP Designjet Z3200 Photo 44"": HP Designjet Z3200 Photo 24""",001132E_BemisAug2011ctCHD-001r3avg-v4
4416,8/21/2019 2:21:25 PM,"HP Designjet Z3200 Photo 44"": HPZ3200_B",000956E_GMGgloss250_Excelsior_Laminated_Profile4
4422,8/21/2019 3:16:09 PM,"HP Designjet Z3200 Photo 44"": HPZ3200_B",000956E_GMGgloss250_Excelsior_Laminated_Profile4
4426,8/21/2019 3:16:13 PM,"HP Designjet Z3200 Photo 44"": HP Designjet Z3200 Photo 24""",001132E_BemisAug2011ctCHD-001r3avg-v4
4424,8/21/2019 3:42:43 PM,"HP Designjet Z3200 Photo 44"": HPZ3200_B",000956E_GMGgloss250_Excelsior_Laminated_Profile4
4431,8/21/2019 3:50:22 PM,"HP Designjet Z3200 Photo 44"": HP Designjet Z3200 Photo 24""",CP5_APC_PET_WPE14
4429,8/21/2019 3:56:45 PM,"HP Designjet Z3200 Photo 44"": HPZ3200_B",000956E_GMGgloss250_Excelsior_Laminated_Profile4
4433,8/21/2019 4:12:30 PM,"HP Designjet Z3200 Photo 44"": HPZ3200_B",000956E_GMGgloss250_Excelsior_Laminated_Profile4
4437,8/21/2019 4:16:13 PM,"HP Designjet Z3200 Photo 44"": HP Designjet Z3200 Photo 24""",CP5_APC_PET_WPE14
0219,7/11/2019 9:41:04 AM,Epson SC-P9000: Epson SC-P 9000 - 10.2.8.92,000306E_HN_Kdk_ClrWhtInk_4c_CMYKsmb_116_150147_00_SClr_V2
0220,7/11/2019 9:54:30 AM,Epson SC-P9000: Epson SC-P 9000 - 10.2.8.92,000306E_HN_Kdk_ClrWhtInk_4c_CMYKsmb_116_150147_00_SClr_V2
0221,7/11/2019 10:18:09 AM,Epson SC-P9000: Epson SC-P 9000 - 10.2.8.92,000306E_HN_Kdk_ClrWhtInk_4c_CMYKsmb_116_150147_00_SClr_V2
0222,7/11/2019 10:20:18 AM,Epson SC-P9000: Epson SC-P 9000 - 10.2.8.92,000306E_HN_Kdk_ClrWhtInk_4c_CMYKsmb_116_150147_00_SClr_V2
0223,7/11/2019 10:33:10 AM,Epson SC-P9000: Epson SC-P 9000 - 10.2.8.92,000306E_HN_Kdk_ClrWhtInk_4c_CMYKsmb_116_150147_00_SClr_V2
0225,7/11/2019 10:56:28 AM,Epson SC-P9000: Epson SC-P 9000 - 10.2.8.92,000306E_HN_Kdk_ClrWhtInk_4c_CMYKsmb_116_150147_00_SClr_V2
0222,7/11/2019 12:10:41 PM,Epson SC-P9000: Epson SC-P 9000 - 10.2.8.92,000306E_HN_Kdk_ClrWhtInk_4c_CMYKsmb_116_150147_00_SClr_V2
0222,7/11/2019 12:12:24 PM,Epson SC-P9000: Epson SC-P 9000 - 10.2.8.92,000306E_HN_Kdk_ClrWhtInk_4c_CMYKsmb_116_150147_00_SClr_V2
0202,7/11/2019 12:22:49 PM,Epson SC-P9000: Epson SC-P 9000 - 10.2.8.92,000306E_HN_Kdk_ClrWhtInk_4c_CMYKsmb_116_150147_00_SClr_V2
0193,7/11/2019 12:22:53 PM,Epson SC-P9000: Epson SC-P 9000 - 10.2.8.92,000306E_HN_Kdk_ClrWhtInk_4c_CMYKsmb_116_150147_00_SClr_V2
0224,7/11/2019 12:23:06 PM,Epson SC-P9000: Epson SC-P 9000 - 10.2.8.92,000306E_HN_Kdk_ClrWhtInk_4c_CMYKsmb_116_150147_00_SClr_V2
0222,7/11/2019 12:23:19 PM,Epson SC-P9000: Epson SC-P 9000 - 10.2.8.92,000306E_HN_Kdk_ClrWhtInk_4c_CMYKsmb_116_150147_00_SClr_V2
0222,7/11/2019 12:46:43 PM,Epson SC-P9000: Epson SC-P 9000 - 10.2.8.92,000306E_HN_Kdk_ClrWhtInk_4c_CMYKsmb_116_150147_00_SClr_V2
0222,7/11/2019 1:25:44 PM,Epson SC-P9000: Epson SC-P 9000 - 10.2.8.92,000306E_HN_Kdk_ClrWhtInk_4c_CMYKsmb_116_150147_00_SClr_V2
0230,7/19/2019 12:50:31 PM,Epson SC-P9000: Epson SC-P 9000 - 10.2.8.92,000170E_F_TCP_R_PET_ITP60PPSTD_1218
0231,7/19/2019 1:19:40 PM,Epson SC-P9000: Epson SC-P 9000 - 10.2.8.92,custom printer calibration
0235,7/19/2019 1:25:06 PM,Epson SC-P9000: Epson SC-P 9000 - 10.2.8.92,custom printer calibration
0237,7/19/2019 1:39:58 PM,Epson SC-P9000: Epson SC-P 9000 - 10.2.8.92,custom printer calibration
0234,7/19/2019 1:49:31 PM,Epson SC-P9000: Epson SC-P 9000 - 10.2.8.92,000228E_SCP_MCC_Master_Flexo_WhiteBOPP_Avg_2017
0242,7/22/2019 1:18:02 PM,Epson SC-P9000: Epson SC-P 9000 - 10.2.8.92,002351E_SonMis_RevOPP_LamMOPP_EG_DRAVE_0518
0248,7/23/2019 8:02:37 AM,Epson SC-P9000: Epson SC-P 9000 - 10.2.8.92,002351E_SonMis_RevOPP_LamMOPP_EG_DRAVE_0518
0250,7/23/2019 8:57:24 AM,Epson SC-P9000: Epson SC-P 9000 - 10.2.8.92,002351E_SonMis_RevOPP_LamMOPP_EG_DRAVE_0518
0252,7/24/2019 6:21:11 AM,Epson SC-P9000: Epson SC-P 9000 - 10.2.8.92,001093E_CoverisBC_HD_RvpClrWhtInkR2
0254,7/25/2019 5:23:09 AM,Epson SC-P9000: Epson SC-P 9000 - 10.2.8.92,001657E_Bemis_ct031-051r
0257,7/25/2019 12:46:33 PM,Epson SC-P9000: Epson SC-P 9000 - 10.2.8.92,002351E_SonMis_RevOPP_LamMOPP_EG_DRAVE_0518
0259,7/26/2019 8:46:02 AM,Epson SC-P9000: Epson SC-P 9000 - 10.2.8.92,002351E_SonMis_RevOPP_LamMOPP_EG_DRAVE_0518
0263,7/30/2019 12:16:35 PM,Epson SC-P9000: Epson SC-P 9000 - 10.2.8.92,custom printer calibration
0265,7/30/2019 12:21:55 PM,Epson SC-P9000: Epson SC-P 9000 - 10.2.8.92,custom printer calibration
0267,7/30/2019 12:36:48 PM,Epson SC-P9000: Epson SC-P 9000 - 10.2.8.92,custom printer calibration
0261,7/30/2019 12:47:40 PM,Epson SC-P9000: Epson SC-P 9000 - 10.2.8.92,002351E_SonMis_RevOPP_LamMOPP_EG_DRAVE_0518
0270,7/31/2019 7:12:13 AM,Epson SC-P9000: Epson SC-P 9000 - 10.2.8.92,002351E_SonMis_RevOPP_LamMOPP_EG_DRAVE_0518
0275,8/15/2019 8:28:36 AM,Epson SC-P9000: Epson SC-P 9000 - 10.2.8.92,002384E_SonT_RevOPPLamLDCL_092612
0281,8/16/2019 12:10:29 PM,Epson SC-P9000: Epson SC-P 9000 - 10.2.8.92,custom printer calibration
0283,8/16/2019 12:15:46 PM,Epson SC-P9000: Epson SC-P 9000 - 10.2.8.92,custom printer calibration
0285,8/16/2019 12:30:42 PM,Epson SC-P9000: Epson SC-P 9000 - 10.2.8.92,custom printer calibration
0278,8/16/2019 12:39:23 PM,Epson SC-P9000: Epson SC-P 9000 - 10.2.8.92,001813E_Bemis_ct065-052_CMYKOGV
0280,8/16/2019 12:47:31 PM,Epson SC-P9000: Epson SC-P 9000 - 10.2.8.92,001813E_Bemis_ct065-052_CMYKOGV
0280,8/16/2019 12:47:31 PM,Epson SC-P9000: Epson SC-P 9000 - 10.2.8.92,001813E_Bemis_ct065-052_CMYKOGV
0287,8/16/2019 1:15:15 PM,Epson SC-P9000: Epson SC-P 9000 - 10.2.8.92,Custom
0304,8/20/2019 2:14:43 PM,Epson SC-P9000: Epson SC-P 9000 - 10.2.8.92,Custom
1639,7/31/2019 2:47:57 PM,"HP Designjet Z3200 Photo 44"": HP Designjet Z3200 Photo 44"" - 10.2.8.65",CP5_GPIG7_EQHD_P_Press2_OGV_050913
1641,7/31/2019 2:59:25 PM,"HP Designjet Z3200 Photo 44"": HP Designjet Z3200 Photo 44"" - 10.2.8.65",CP5_GPIG7_EQHD_P_Press2_OGV_050913
1643,7/31/2019 3:39:48 PM,"HP Designjet Z3200 Photo 44"": HP Designjet Z3200 Photo 44"" - 10.2.8.65",Custom
1645,7/31/2019 3:58:41 PM,"HP Designjet Z3200 Photo 44"": HP Designjet Z3200 Photo 44"" - 10.2.8.65",Custom
1647,7/31/2019 4:03:13 PM,"HP Designjet Z3200 Photo 44"": HP Designjet Z3200 Photo 44"" - 10.2.8.65",CP5_GPIG7_EQHD_P_Press2_OGV_050913
1649,8/1/2019 7:59:18 AM,"HP Designjet Z3200 Photo 44"": HP Designjet Z3200 Photo 44"" - 10.2.8.65",CP5_GPIG7_EQHD_P_Press2_OGV_050913
1651,8/1/2019 11:30:30 AM,"HP Designjet Z3200 Photo 44"": HP Designjet Z3200 Photo 44"" - 10.2.8.65",CP5_GPIG7_EQHD_P_Press2_OGV_050913
1653,8/1/2019 12:05:16 PM,"HP Designjet Z3200 Photo 44"": HP Designjet Z3200 Photo 44"" - 10.2.8.65",CP5_GPIG7_EQHD_P_Press2_OGV_050913
1655,8/1/2019 1:44:24 PM,"HP Designjet Z3200 Photo 44"": HP Designjet Z3200 Photo 44"" - 10.2.8.65",Custom
1659,8/2/2019 10:44:51 AM,"HP Designjet Z3200 Photo 44"": HP Designjet Z3200 Photo 44"" - 10.2.8.65",CP5_GPIG7_EQHD_P_Press2_OGV_050913
1660,8/2/2019 10:48:41 AM,"HP Designjet Z3200 Photo 44"": HP Designjet Z3200 Photo 44"" - 10.2.8.65",CP5_GPIG7_EQHD_P_Press2_OGV_050913
1661,8/2/2019 10:51:12 AM,"HP Designjet Z3200 Photo 44"": HP Designjet Z3200 Photo 44"" - 10.2.8.65",CP5_GPIG7_EQHD_P_Press2_OGV_050913
1663,8/2/2019 11:27:38 AM,"HP Designjet Z3200 Photo 44"": HP Designjet Z3200 Photo 44"" - 10.2.8.65",CP5_GPIG7_EQHD_P_Press2_OGV_050913
1667,8/2/2019 12:00:47 PM,"HP Designjet Z3200 Photo 44"": HP Designjet Z3200 Photo 44"" - 10.2.8.65",CP5_GPIG7_EQHD_P_Press2_OGV_050913
1668,8/2/2019 12:04:44 PM,"HP Designjet Z3200 Photo 44"": HP Designjet Z3200 Photo 44"" - 10.2.8.65",CP5_GPIG7_EQHD_P_Press2_OGV_050913
1669,8/2/2019 12:07:56 PM,"HP Designjet Z3200 Photo 44"": HP Designjet Z3200 Photo 44"" - 10.2.8.65",CP5_GPIG7_EQHD_P_Press2_OGV_050913
1671,8/2/2019 12:22:41 PM,"HP Designjet Z3200 Photo 44"": HP Designjet Z3200 Photo 44"" - 10.2.8.65",CP5_GPIG7_EQHD_P_Press2_OGV_050913
1673,8/2/2019 12:40:50 PM,"HP Designjet Z3200 Photo 44"": HP Designjet Z3200 Photo 44"" - 10.2.8.65",CP5_GPIG7_EQHD_P_Press2_OGV_050913
1675,8/2/2019 12:54:01 PM,"HP Designjet Z3200 Photo 44"": HP Designjet Z3200 Photo 44"" - 10.2.8.65",CP5_GPIG7_EQHD_P_Press2_OGV_050913
1677,8/2/2019 1:03:27 PM,"HP Designjet Z3200 Photo 44"": HP Designjet Z3200 Photo 44"" - 10.2.8.65",CP5_GPIG7_EQHD_P_Press2_OGV_050913
1679,8/2/2019 1:21:57 PM,"HP Designjet Z3200 Photo 44"": HP Designjet Z3200 Photo 44"" - 10.2.8.65",CP5_GPIG7_EQHD_P_Press2_OGV_050913
1681,8/2/2019 1:49:01 PM,"HP Designjet Z3200 Photo 44"": HP Designjet Z3200 Photo 44"" - 10.2.8.65",CP5_GPIG7_EQHD_P_Press2_OGV_050913
1685,8/5/2019 11:35:26 AM,"HP Designjet Z3200 Photo 44"": HP Designjet Z3200 Photo 44"" - 10.2.8.65",Custom
1687,8/5/2019 11:59:30 AM,"HP Designjet Z3200 Photo 44"": HP Designjet Z3200 Photo 44"" - 10.2.8.65",CP5_GPIG7_EQHD_P_Press2_OGV_050913
1688,8/5/2019 12:11:03 PM,"HP Designjet Z3200 Photo 44"": HP Designjet Z3200 Photo 44"" - 10.2.8.65",custom printer calibration
1692,8/5/2019 12:21:48 PM,"HP Designjet Z3200 Photo 44"": HP Designjet Z3200 Photo 44"" - 10.2.8.65",custom printer calibration
1694,8/5/2019 12:59:32 PM,"HP Designjet Z3200 Photo 44"": HP Designjet Z3200 Photo 44"" - 10.2.8.65",custom printer calibration
1696,8/5/2019 1:37:51 PM,"HP Designjet Z3200 Photo 44"": HP Designjet Z3200 Photo 44"" - 10.2.8.65",custom printer calibration
1698,8/5/2019 2:15:19 PM,"HP Designjet Z3200 Photo 44"": HP Designjet Z3200 Photo 44"" - 10.2.8.65",custom printer calibration
1691,8/5/2019 2:26:12 PM,"HP Designjet Z3200 Photo 44"": HP Designjet Z3200 Photo 44"" - 10.2.8.65",CP5_GPIG7_EQHD_P_Press2_OGV_050913
1700,8/6/2019 1:10:38 AM,"HP Designjet Z3200 Photo 44"": HP Designjet Z3200 Photo 44"" - 10.2.8.65",custom printer calibration
1702,8/6/2019 1:21:22 AM,"HP Designjet Z3200 Photo 44"": HP Designjet Z3200 Photo 44"" - 10.2.8.65",custom printer calibration
1704,8/6/2019 1:59:55 AM,"HP Designjet Z3200 Photo 44"": HP Designjet Z3200 Photo 44"" - 10.2.8.65",custom printer calibration
1706,8/6/2019 10:57:26 AM,"HP Designjet Z3200 Photo 44"": HP Designjet Z3200 Photo 44"" - 10.2.8.65",custom printer calibration
1708,8/6/2019 11:08:09 AM,"HP Designjet Z3200 Photo 44"": HP Designjet Z3200 Photo 44"" - 10.2.8.65",custom printer calibration
1710,8/6/2019 11:45:33 AM,"HP Designjet Z3200 Photo 44"": HP Designjet Z3200 Photo 44"" - 10.2.8.65",custom printer calibration
1712,8/6/2019 4:36:39 PM,"HP Designjet Z3200 Photo 44"": HP Designjet Z3200 Photo 44"" - 10.2.8.65",custom printer calibration
1712,8/6/2019 4:36:43 PM,"HP Designjet Z3200 Photo 44"": HP Designjet Z3200 Photo 44"" - 10.2.8.65",custom printer calibration
1712,8/6/2019 4:36:44 PM,"HP Designjet Z3200 Photo 44"": HP Designjet Z3200 Photo 44"" - 10.2.8.65",custom printer calibration
1715,8/7/2019 10:57:07 AM,"HP Designjet Z3200 Photo 44"": HP Designjet Z3200 Photo 44"" - 10.2.8.65",Custom
1717,8/7/2019 1:35:41 PM,"HP Designjet Z3200 Photo 44"": HP Designjet Z3200 Photo 44"" - 10.2.8.65",Custom
1719,8/7/2019 4:25:58 PM,"HP Designjet Z3200 Photo 44"": HP Designjet Z3200 Photo 44"" - 10.2.8.65",Custom
1721,8/7/2019 5:00:37 PM,"HP Designjet Z3200 Photo 44"": HP Designjet Z3200 Photo 44"" - 10.2.8.65",Custom
1723,8/7/2019 5:24:29 PM,"HP Designjet Z3200 Photo 44"": HP Designjet Z3200 Photo 44"" - 10.2.8.65",CP5_GPIG7_EQHD_P_Press2_OGV_050913
1726,8/7/2019 6:11:57 PM,"HP Designjet Z3200 Photo 44"": HP Designjet Z3200 Photo 44"" - 10.2.8.65",CP5_GPIG7_EQHD_P_Press2_OGV_050913
1727,8/7/2019 6:22:43 PM,"HP Designjet Z3200 Photo 44"": HP Designjet Z3200 Photo 44"" - 10.2.8.65",CP5_GPIG7_EQHD_P_Press2_OGV_050913
1730,8/8/2019 1:50:00 PM,"HP Designjet Z3200 Photo 44"": HP Designjet Z3200 Photo 44"" - 10.2.8.65",CP5_GPIG7_EQHD_P_Press2_OGV_050913
1731,8/8/2019 1:54:29 PM,"HP Designjet Z3200 Photo 44"": HP Designjet Z3200 Photo 44"" - 10.2.8.65",CP5_GPIG7_EQHD_P_Press2_OGV_050913
1733,8/9/2019 8:49:38 AM,"HP Designjet Z3200 Photo 44"": HP Designjet Z3200 Photo 44"" - 10.2.8.65",Custom
1735,8/9/2019 9:03:47 AM,"HP Designjet Z3200 Photo 44"": HP Designjet Z3200 Photo 44"" - 10.2.8.65",CP5_GPIG7_EQHD_P_Press2_OGV_050913
1737,8/9/2019 9:21:57 AM,"HP Designjet Z3200 Photo 44"": HP Designjet Z3200 Photo 44"" - 10.2.8.65",CP5_GPIG7_EQHD_P_Press2_OGV_050913
1739,8/9/2019 10:54:19 AM,"HP Designjet Z3200 Photo 44"": HP Designjet Z3200 Photo 44"" - 10.2.8.65",CP5_GPIG7_EQHD_P_Press2_OGV_050913
1741,8/9/2019 11:05:55 AM,"HP Designjet Z3200 Photo 44"": HP Designjet Z3200 Photo 44"" - 10.2.8.65",CP5_GPIG7_EQHD_P_Press2_OGV_050913
1743,8/9/2019 11:51:24 AM,"HP Designjet Z3200 Photo 44"": HP Designjet Z3200 Photo 44"" - 10.2.8.65",CP5_GPIG7_EQHD_P_Press2_OGV_050913
1746,8/9/2019 12:15:12 PM,"HP Designjet Z3200 Photo 44"": HP Designjet Z3200 Photo 44"" - 10.2.8.65",CP5_GPIG7_EQHD_P_Press2_OGV_050913
1747,8/9/2019 12:29:09 PM,"HP Designjet Z3200 Photo 44"": HP Designjet Z3200 Photo 44"" - 10.2.8.65",CP5_GPIG7_EQHD_P_Press2_OGV_050913
1749,8/9/2019 2:52:03 PM,"HP Designjet Z3200 Photo 44"": HP Designjet Z3200 Photo 44"" - 10.2.8.65",CP5_GPIG7_EQHD_P_Press2_OGV_050913
1751,8/9/2019 4:09:54 PM,"HP Designjet Z3200 Photo 44"": HP Designjet Z3200 Photo 44"" - 10.2.8.65",CP5_GPIG7_EQHD_P_Press2_OGV_050913
1753,8/12/2019 9:33:57 AM,"HP Designjet Z3200 Photo 44"": HP Designjet Z3200 Photo 44"" - 10.2.8.65",Custom
1756,8/13/2019 12:18:43 PM,"HP Designjet Z3200 Photo 44"": HP Designjet Z3200 Photo 44"" - 10.2.8.65",custom printer calibration
1759,8/13/2019 4:10:12 PM,"HP Designjet Z3200 Photo 44"": HP Designjet Z3200 Photo 44"" - 10.2.8.65",Custom
1761,8/13/2019 4:29:45 PM,"HP Designjet Z3200 Photo 44"": HP Designjet Z3200 Photo 44"" - 10.2.8.65",CP5_GPIG7_EQHD_P_Press2_OGV_050913
1763,8/13/2019 4:43:08 PM,"HP Designjet Z3200 Photo 44"": HP Designjet Z3200 Photo 44"" - 10.2.8.65",Custom
1771,8/14/2019 5:05:25 AM,"HP Designjet Z3200 Photo 44"": HP Designjet Z3200 Photo 44"" - 10.2.8.65",Custom
1772,8/14/2019 5:24:11 AM,"HP Designjet Z3200 Photo 44"": HP Designjet Z3200 Photo 44"" - 10.2.8.65",Custom
1773,8/14/2019 5:43:16 AM,"HP Designjet Z3200 Photo 44"": HP Designjet Z3200 Photo 44"" - 10.2.8.65",Custom
1774,8/14/2019 5:57:35 AM,"HP Designjet Z3200 Photo 44"": HP Designjet Z3200 Photo 44"" - 10.2.8.65",Custom
1775,8/14/2019 6:11:20 AM,"HP Designjet Z3200 Photo 44"": HP Designjet Z3200 Photo 44"" - 10.2.8.65",CP5_GRACoL2006_NoSim
1776,8/14/2019 6:25:41 AM,"HP Designjet Z3200 Photo 44"": HP Designjet Z3200 Photo 44"" - 10.2.8.65",Custom
1777,8/14/2019 6:35:25 AM,"HP Designjet Z3200 Photo 44"": HP Designjet Z3200 Photo 44"" - 10.2.8.65",Custom
1778,8/14/2019 12:07:13 PM,"HP Designjet Z3200 Photo 44"": HP Designjet Z3200 Photo 44"" - 10.2.8.65",custom printer calibration
1780,8/14/2019 12:18:02 PM,"HP Designjet Z3200 Photo 44"": HP Designjet Z3200 Photo 44"" - 10.2.8.65",custom printer calibration
1782,8/14/2019 12:55:33 PM,"HP Designjet Z3200 Photo 44"": HP Designjet Z3200 Photo 44"" - 10.2.8.65",custom printer calibration
1784,8/14/2019 1:33:05 PM,"HP Designjet Z3200 Photo 44"": HP Designjet Z3200 Photo 44"" - 10.2.8.65",custom printer calibration
1786,8/14/2019 2:11:32 PM,"HP Designjet Z3200 Photo 44"": HP Designjet Z3200 Photo 44"" - 10.2.8.65",custom printer calibration
1788,8/14/2019 2:49:08 PM,"HP Designjet Z3200 Photo 44"": HP Designjet Z3200 Photo 44"" - 10.2.8.65",custom printer calibration
1790,8/14/2019 3:26:43 PM,"HP Designjet Z3200 Photo 44"": HP Designjet Z3200 Photo 44"" - 10.2.8.65",custom printer calibration
1793,8/14/2019 3:44:44 PM,"HP Designjet Z3200 Photo 44"": HP Designjet Z3200 Photo 44"" - 10.2.8.65",CP5_GPIG7_EQHD_P_Press2_OGV_050913
1795,8/14/2019 4:48:39 PM,"HP Designjet Z3200 Photo 44"": HP Designjet Z3200 Photo 44"" - 10.2.8.65",CP5_GPIG7_EQHD_P_Press2_OGV_050913
1797,8/14/2019 5:01:41 PM,"HP Designjet Z3200 Photo 44"": HP Designjet Z3200 Photo 44"" - 10.2.8.65",Custom
1799,8/14/2019 5:19:37 PM,"HP Designjet Z3200 Photo 44"": HP Designjet Z3200 Photo 44"" - 10.2.8.65",Custom
1800,8/15/2019 8:55:59 AM,"HP Designjet Z3200 Photo 44"": HP Designjet Z3200 Photo 44"" - 10.2.8.65",custom printer calibration
1802,8/15/2019 9:07:05 AM,"HP Designjet Z3200 Photo 44"": HP Designjet Z3200 Photo 44"" - 10.2.8.65",custom printer calibration
1804,8/15/2019 9:44:56 AM,"HP Designjet Z3200 Photo 44"": HP Designjet Z3200 Photo 44"" - 10.2.8.65",custom printer calibration
1806,8/15/2019 10:23:19 AM,"HP Designjet Z3200 Photo 44"": HP Designjet Z3200 Photo 44"" - 10.2.8.65",custom printer calibration
1808,8/15/2019 11:01:11 AM,"HP Designjet Z3200 Photo 44"": HP Designjet Z3200 Photo 44"" - 10.2.8.65",custom printer calibration
1810,8/15/2019 11:38:47 AM,"HP Designjet Z3200 Photo 44"": HP Designjet Z3200 Photo 44"" - 10.2.8.65",custom printer calibration
1813,8/15/2019 11:45:02 AM,"HP Designjet Z3200 Photo 44"": HP Designjet Z3200 Photo 44"" - 10.2.8.65",Custom
1813,8/15/2019 11:45:20 AM,"HP Designjet Z3200 Photo 44"": HP Designjet Z3200 Photo 44"" - 10.2.8.65",Custom
1813,8/15/2019 11:45:21 AM,"HP Designjet Z3200 Photo 44"": HP Designjet Z3200 Photo 44"" - 10.2.8.65",Custom
1814,8/15/2019 12:25:01 PM,"HP Designjet Z3200 Photo 44"": HP Designjet Z3200 Photo 44"" - 10.2.8.65",custom printer calibration
1819,8/16/2019 10:37:01 AM,"HP Designjet Z3200 Photo 44"": HP Designjet Z3200 Photo 44"" - 10.2.8.65",Custom
1822,8/16/2019 3:48:19 PM,"HP Designjet Z3200 Photo 44"": HP Designjet Z3200 Photo 44"" - 10.2.8.65",Custom
1823,8/16/2019 4:05:44 PM,"HP Designjet Z3200 Photo 44"": HP Designjet Z3200 Photo 44"" - 10.2.8.65",CP5_GPIG7_EQHD_P_Press2_OGV_050913
1825,8/19/2019 11:31:45 AM,"HP Designjet Z3200 Photo 44"": HP Designjet Z3200 Photo 44"" - 10.2.8.65",Custom
1827,8/19/2019 2:40:49 PM,"HP Designjet Z3200 Photo 44"": HP Designjet Z3200 Photo 44"" - 10.2.8.65",CP5_GPIG7_EQHD_P_Press2_OGV_050913
1828,8/20/2019 1:10:30 AM,"HP Designjet Z3200 Photo 44"": HP Designjet Z3200 Photo 44"" - 10.2.8.65",custom printer calibration
1830,8/20/2019 1:21:15 AM,"HP Designjet Z3200 Photo 44"": HP Designjet Z3200 Photo 44"" - 10.2.8.65",custom printer calibration
1832,8/20/2019 1:58:44 AM,"HP Designjet Z3200 Photo 44"": HP Designjet Z3200 Photo 44"" - 10.2.8.65",custom printer calibration
1835,8/21/2019 2:47:32 PM,"HP Designjet Z3200 Photo 44"": HP Designjet Z3200 Photo 44"" - 10.2.8.65",Custom
